"keyword","sumFreq","numWords"
"DATA",477,1
"THE",464,1
"WITH",349,1
"A",337,1
"EXPERIENCE",249,1
"",187,1
"IS",135,1
"SCIENCE",129,1
"BUSINESS",127,1
"WORK",127,1
"LEARNING",100,1
"WILL",94,1
"TEAM",92,1
"ARE",89,1
"ANALYSIS",86,1
"BE",82,1
"ANALYTICS",76,1
"SKILLS",73,1
"MACHINE",72,1
"ENGINEERING",69,1
"NEW",65,1
"USING",62,1
"ABILITY",61,1
"MODELS",60,1
"PRODUCT",59,1
"STATISTICAL",56,1
"SCIENTIST",55,1
"STRONG",55,1
"PYTHON",53,1
"AN",52,1
"WORKING",51,1
"KNOWLEDGE",50,1
"DEVELOP",47,1
"INCLUDING",47,1
"MODELING",47,1
"RESEARCH",47,1
"PROBLEMS",44,1
"SUCH",44,1
"STATISTICS",43,1
"INSIGHTS",42,1
"ADVANCED",41,1
"SQL",40,1
"TEAMS",39,1
"TECHNIQUES",39,1
"ANALYTICAL",38,1
"HAVE",38,1
"BUILDING",37,1
"DEGREE",37,1
"MODEL",37,1
"SOLUTIONS",37,1
"TECHNICAL",37,1
"ALL",36,1
"DEVELOPMENT",36,1
"COMMUNICATION",35,1
"COMPUTER",35,1
"ETC",35,1
"UNDERSTANDING",35,1
"DESIGN",34,1
"PREFERRED",34,1
"ROLE",34,1
"INFORMATION",33,1
"SOFTWARE",33,1
"COMPANY",32,1
"QUANTITATIVE",32,1
"TOOLS",32,1
"DEMONSTRATED",31,1
"TIME",31,1
"HELP",30,1
"MORE",30,1
"PROGRAMMING",30,1
"REQUIRED",30,1
"R",29,1
"BENEFITS",28,1
"FIELD",28,1
"PEOPLE",28,1
"PROVIDE",28,1
"SUPPORT",28,1
"TECHNOLOGY",28,1
"BUILD",27,1
"CAN",27,1
"COMPLEX",27,1
"PLUS",27,1
"PRODUCTS",26,1
"VISUALIZATION",26,1
"APPLIED",25,1
"CODE",25,1
"CREATE",25,1
"MATHEMATICS",25,1
"OPERATIONS",25,1
"STAKEHOLDERS",25,1
"BACHELORS",24,1
"COMMUNICATE",24,1
"HEALTH",24,1
"PROJECTS",24,1
"ANDOR",23,1
"APPROACHES",23,1
"CLIMATE",23,1
"IMPROVE",23,1
"KEY",23,1
"QUALIFICATIONS",23,1
"STATUS",23,1
"TECHNOLOGIES",23,1
"VISION",23,1
"ENVIRONMENT",22,1
"IDENTIFY",22,1
"INDUSTRY",22,1
"MARKETING",22,1
"PROCESSES",22,1
"PRODUCTION",22,1
"QUALITY",22,1
"TESTING",22,1
"UNDERSTAND",22,1
"APPLY",21,1
"CUSTOMER",21,1
"EG",21,1
"GROWTH",21,1
"PROCESS",21,1
"DEEP",20,1
"LARGE",20,1
"MAKE",20,1
"ONE",20,1
"OPPORTUNITY",20,1
"PREDICTIVE",20,1
"RESULTS",20,1
"USE",20,1
"WERE",20,1
"ALGORITHMS",19,1
"EMPLOYMENT",19,1
"IMPACT",19,1
"LANGUAGE",19,1
"LIKE",19,1
"NOT",19,1
"OPPORTUNITIES",19,1
"POSITION",19,1
"PROBLEM",19,1
"REMOTE",19,1
"SETS",19,1
"ABLE",18,1
"AI",18,1
"ANALYZE",18,1
"BOTH",18,1
"DELIVER",18,1
"PROCESSING",18,1
"RESPONSIBILITIES",18,1
"SOLVING",18,1
"WELL",18,1
"YEARS",18,1
"ANY",17,1
"APPLICANTS",17,1
"CLIENT",17,1
"IMPLEMENT",17,1
"INSURANCE",17,1
"LOOKING",17,1
"RELEVANT",17,1
"SOLVE",17,1
"SYSTEMS",17,1
"VARIOUS",17,1
"401K",16,1
"CANDIDATES",16,1
"DRIVE",16,1
"JOB",16,1
"MUST",16,1
"EXCEL",15,1
"EXPERTISE",15,1
"FORECASTING",15,1
"GLOBAL",15,1
"INNOVATIVE",15,1
"PART",15,1
"PROFICIENCY",15,1
"SOURCES",15,1
"VISUALIZATIONS",15,1
"YOULL",15,1
"ANALYTIC",14,1
"APPLICATIONS",14,1
"BOSCH",14,1
"CHAIN",14,1
"DIVERSE",14,1
"EQUAL",14,1
"HERSHEY",14,1
"LOCATION",14,1
"MARKET",14,1
"MASTERS",14,1
"MAY",14,1
"METHODS",14,1
"METRICS",14,1
"PERFORMANCE",14,1
"SCIENTISTS",14,1
"SEEKING",14,1
"SUPPLY",14,1
"VALUE",14,1
"ACTIONABLE",13,1
"CONCEPTS",13,1
"DECISION",13,1
"DECISIONS",13,1
"DISABILITY",13,1
"ECONOMICS",13,1
"HAS",13,1
"OWN",13,1
"PERFORM",13,1
"PLEASE",13,1
"REGRESSION",13,1
"REQUIREMENTS",13,1
"TABLEAU",13,1
"WRITTEN",13,1
"BASEBALL",12,1
"CLASSIFICATION",12,1
"COLLABORATE",12,1
"CULTURE",12,1
"CUSTOMERS",12,1
"EDUCATION",12,1
"ENDTOEND",12,1
"ENGINEERS",12,1
"ENSURE",12,1
"FAMILIARITY",12,1
"GOOD",12,1
"LANGUAGES",12,1
"LIFE",12,1
"MAKING",12,1
"ML",12,1
"MULTIPLE",12,1
"ORGANIZATION",12,1
"OUTCOMES",12,1
"PAY",12,1
"RD",12,1
"SPARK",12,1
"WOULD",12,1
"ADHOC",11,1
"CANDIDATE",11,1
"CONNECT",11,1
"DENTAL",11,1
"EMPLOYER",11,1
"EQUIVALENT",11,1
"EXCELLENT",11,1
"FLEXIBLE",11,1
"FULL",11,1
"GENDER",11,1
"LEAD",11,1
"LEARN",11,1
"MAINTAIN",11,1
"MAJOR",11,1
"MARKETS",11,1
"MEMBERS",11,1
"MODERN",11,1
"MONITOR",11,1
"MOST",11,1
"OPERATIONAL",11,1
"PARTNERS",11,1
"PLAN",11,1
"PLANNING",11,1
"POLICY",11,1
"PRACTICES",11,1
"PREVIOUS",11,1
"PROGRAM",11,1
"RESPONSIBILITY",11,1
"RETAIL",11,1
"RIGHT",11,1
"SAFETY",11,1
"SCALE",11,1
"VARIETY",11,1
"WORLD",11,1
"ACCESS",10,1
"ANALYSTS",10,1
"AUDIENCES",10,1
"BEST",10,1
"CHALLENGES",10,1
"CHANGE",10,1
"COLOR",10,1
"COMPENSATION",10,1
"CROSSFUNCTIONAL",10,1
"CURRENT",10,1
"DATASETS",10,1
"ECONOMETRICS",10,1
"ELIGIBLE",10,1
"EMEREST",10,1
"EMPLOYEES",10,1
"EVERY",10,1
"FINANCIAL",10,1
"INTERNAL",10,1
"LEVEL",10,1
"MINING",10,1
"NATIONAL",10,1
"OFFERED",10,1
"OPTIMIZATION",10,1
"PACKAGES",10,1
"PRESENT",10,1
"PRIMARY",10,1
"PROJECT",10,1
"PROTECTED",10,1
"RANGE",10,1
"RISK",10,1
"SALARY",10,1
"SCIENCES",10,1
"STRUCTURED",10,1
"SUCCESSFUL",10,1
"TRAINING",10,1
"VERBAL",10,1
"1",9,1
"ADDRESS",9,1
"AGE",9,1
"AUTOMATED",9,1
"BIG",9,1
"BRING",9,1
"CHALLENGING",9,1
"COMFORTABLE",9,1
"COMMON",9,1
"COMPETITIVE",9,1
"CONTENT",9,1
"CREATING",9,1
"CRITICAL",9,1
"DAILY",9,1
"DATABASES",9,1
"DEMAND",9,1
"DEVELOPING",9,1
"EFFORTS",9,1
"END",9,1
"ENJOY",9,1
"HANDSON",9,1
"HIGH",9,1
"INTELLIGENCE",9,1
"ITS",9,1
"LATEST",9,1
"LEADING",9,1
"LOVE",9,1
"MANAGE",9,1
"MANAGEMENT",9,1
"MICROSOFT",9,1
"ORIENTATION",9,1
"ORIGIN",9,1
"PLATFORM",9,1
"PLATFORMS",9,1
"POWER",9,1
"PROVIDING",9,1
"PTO",9,1
"RACE",9,1
"RELATIONSHIPS",9,1
"SENIOR",9,1
"SERIES",9,1
"SEXUAL",9,1
"STANDARDS",9,1
"STRATEGY",9,1
"TEST",9,1
"TRACK",9,1
"YEAR",9,1
"100",8,1
"5",8,1
"AB",8,1
"ANALYZING",8,1
"APPLYING",8,1
"ARTIFICIAL",8,1
"AVAILABLE",8,1
"BASE",8,1
"BAYESIAN",8,1
"BETTER",8,1
"CENTRALS",8,1
"CLOUD",8,1
"COLLABORATIVE",8,1
"COMPANIES",8,1
"CONNECTED",8,1
"DASHBOARDS",8,1
"DESCRIPTION",8,1
"DETECTION",8,1
"DO",8,1
"ELECTRICITY",8,1
"EMPATHY",8,1
"ENVIRONMENTS",8,1
"EXCITING",8,1
"EXECUTE",8,1
"FIRM",8,1
"FRAUD",8,1
"GENERATE",8,1
"HEALTHCARE",8,1
"INTEGRITY",8,1
"MANNER",8,1
"MANY",8,1
"MATH",8,1
"MISSION",8,1
"MS",8,1
"OPEN",8,1
"ORDER",8,1
"PASSION",8,1
"PRACTICAL",8,1
"PRACTICE",8,1
"PRIOR",8,1
"PROFICIENT",8,1
"PROGRAMS",8,1
"RED",8,1
"RELIGION",8,1
"SERVICE",8,1
"SET",8,1
"SHOULD",8,1
"SOME",8,1
"STATES",8,1
"STEM",8,1
"SUBJECT",8,1
"THINK",8,1
"TRENDS",8,1
"TRUST",8,1
"TSSCI",8,1
"TWITCH",8,1
"3",7,1
"ADDITIONAL",7,1
"APPLICATION",7,1
"AREAS",7,1
"ASSIST",7,1
"AWS",7,1
"BACKGROUND",7,1
"BANK",7,1
"BASIC",7,1
"BASIS",7,1
"BONUS",7,1
"CAPABILITIES",7,1
"CARE",7,1
"CITIZENSHIP",7,1
"COMMITTED",7,1
"COMMUNITY",7,1
"CONDUCT",7,1
"CONTRIBUTE",7,1
"DEFINE",7,1
"DEPLOY",7,1
"DESIGNING",7,1
"DETAIL",7,1
"DIRECT",7,1
"ENGINEER",7,1
"EVALUATE",7,1
"EXTERNAL",7,1
"FIRST",7,1
"GIT",7,1
"GOALS",7,1
"GROWING",7,1
"HOME",7,1
"HYBRID",7,1
"IMPLEMENTING",7,1
"INCLUDE",7,1
"INITIATIVES",7,1
"INNOVATION",7,1
"INTEREST",7,1
"INTERPRET",7,1
"LEADERSHIP",7,1
"LEVELS",7,1
"LOCAL",7,1
"MAKERS",7,1
"MATCH",7,1
"MATHEMATICAL",7,1
"MEDICAL",7,1
"MEET",7,1
"NO",7,1
"OBJECTIVES",7,1
"OFFICE",7,1
"ORGANIZE",7,1
"PARTNER",7,1
"PRESCRIPTIVE",7,1
"PROVIDES",7,1
"QUALIFIED",7,1
"QUANTIFY",7,1
"RESPONSIBLE",7,1
"SAVINGS",7,1
"SCHEDULE",7,1
"SEE",7,1
"SERVE",7,1
"SIGNIFICANT",7,1
"SMART",7,1
"SOLID",7,1
"SPORTS",7,1
"START",7,1
"SUCCESS",7,1
"SYSTEM",7,1
"TRANSLATE",7,1
"TRAVELERS",7,1
"UNITED",7,1
"VEHICLE",7,1
"VETERAN",7,1
"VIA",7,1
"WORLDS",7,1
"WRITING",7,1
"YORK",7,1
"2",6,1
"ACCURACY",6,1
"AGILE",6,1
"ATTRIBUTION",6,1
"AUDIENCE",6,1
"BALANCE",6,1
"BEHAVIOR",6,1
"BI",6,1
"CITY",6,1
"CLEAN",6,1
"CLEVELAND",6,1
"COLLABORATION",6,1
"COMPLIANCE",6,1
"CONCLUSIONS",6,1
"CONSUMER",6,1
"CONTRIBUTION",6,1
"CONTROL",6,1
"CORE",6,1
"DAY",6,1
"DEPLOYING",6,1
"DETAILS",6,1
"DETECT",6,1
"DISCIPLINE",6,1
"DISCIPLINES",6,1
"DISCOVERY",6,1
"DISPARATE",6,1
"DISTRIBUTED",6,1
"DOMAINS",6,1
"DRIVING",6,1
"DYNAMIC",6,1
"EMPLOYEE",6,1
"EMPOWER",6,1
"ENCOURAGE",6,1
"EXCELLENCE",6,1
"EXECUTIVES",6,1
"EXISTING",6,1
"EXPECTATIONS",6,1
"EXPERIMENTS",6,1
"FEATURE",6,1
"FIND",6,1
"FOLLOWING",6,1
"FULLTIME",6,1
"GET",6,1
"GROW",6,1
"HIRING",6,1
"IDEAL",6,1
"IDENTITY",6,1
"INCLUDES",6,1
"INFORM",6,1
"INSIGHT",6,1
"INTEGRATE",6,1
"ISSUES",6,1
"JOIN",6,1
"KEYME",6,1
"KNOW",6,1
"LAWS",6,1
"LEAST",6,1
"LEVERS",6,1
"LIBRARIES",6,1
"LIFECYCLE",6,1
"LOOKER",6,1
"MARITAL",6,1
"MATLAB",6,1
"NEED",6,1
"NEEDED",6,1
"NONTECHNICAL",6,1
"O",6,1
"OAK",6,1
"ONGOING",6,1
"OPTIMIZE",6,1
"OTHERS",6,1
"OWNERSHIP",6,1
"PACED",6,1
"PARENTAL",6,1
"PERSONAL",6,1
"PIPELINE",6,1
"PIPELINES",6,1
"PRINCIPAL",6,1
"PROACTIVELY",6,1
"PRODUCE",6,1
"PROUD",6,1
"QUESTIONS",6,1
"RELATIONAL",6,1
"REPORTING",6,1
"REPORTS",6,1
"RESOURCES",6,1
"REWARDS",6,1
"RPYTHON",6,1
"SAS",6,1
"SCIENTIFIC",6,1
"SIMILAR",6,1
"SKILLED",6,1
"SPACE",6,1
"SR",6,1
"STARTUP",6,1
"STREAMING",6,1
"TECH",6,1
"TRANSFORM",6,1
"TYPES",6,1
"USER",6,1
"VALUES",6,1
"VIDEO",6,1
"WHILE",6,1
"4",5,1
"7",5,1
"ACCOMMODATION",5,1
"ACCOUNT",5,1
"ACCURATE",5,1
"ARCHITECTURES",5,1
"ASPECTS",5,1
"ATTENTION",5,1
"AUTOMATION",5,1
"BECOME",5,1
"CARD",5,1
"CAREER",5,1
"CENTER",5,1
"CHANGES",5,1
"CITIZENS",5,1
"CLEANSING",5,1
"CLEAR",5,1
"CLEARANCE",5,1
"CODING",5,1
"COLLABORATING",5,1
"COLLECT",5,1
"COMMUNICATING",5,1
"COMMUNITIES",5,1
"COMPELLING",5,1
"COMPONENTS",5,1
"COMPREHENSIVE",5,1
"COMPUTING",5,1
"CONTINUE",5,1
"CREATIVE",5,1
"DATADRIVEN",5,1
"DATE",5,1
"DEDICATED",5,1
"DELIVERY",5,1
"DESIRE",5,1
"DEVELOPER",5,1
"DIFFERENT",5,1
"DIRECTOR",5,1
"DISNEY",5,1
"DOING",5,1
"EDGE",5,1
"EFFECTIVE",5,1
"ELECTRICAL",5,1
"EQUITY",5,1
"EVENTS",5,1
"EXPERIMENTATION",5,1
"FACTORY",5,1
"FAMILIAR",5,1
"FAMILY",5,1
"FAST",5,1
"FASTPACED",5,1
"FOCUS",5,1
"FOCUSED",5,1
"GRADUATE",5,1
"GREEN",5,1
"GROUP",5,1
"IMPROVEMENTS",5,1
"INDUSTRIAL",5,1
"INFLUENCE",5,1
"INPERSON",5,1
"LARGEST",5,1
"LEAVE",5,1
"LIVE",5,1
"LIVES",5,1
"MEASURE",5,1
"MINDSET",5,1
"MINE",5,1
"MONITORING",5,1
"NATURAL",5,1
"ONLY",5,1
"ORGANIZATIONS",5,1
"PACKAGE",5,1
"PHYSICAL",5,1
"PILOT",5,1
"PREPARE",5,1
"PROFESSIONAL",5,1
"QUERY",5,1
"RECEIVE",5,1
"RECRUITING",5,1
"REGARD",5,1
"REPORT",5,1
"REVIEW",5,1
"RIGOROUS",5,1
"SENSE",5,1
"SERVICES",5,1
"SHARE",5,1
"SMALL",5,1
"STATE",5,1
"STUDENTS",5,1
"TAKING",5,1
"TOP",5,1
"TWO",5,1
"TYPE",5,1
"UNITS",5,1
"UNSTRUCTURED",5,1
"VISIT",5,1
"VISUALIZE",5,1
"WRITE",5,1
"ACHIEVE",4,1
"ACT",4,1
"ACTION",4,1
"ADDITION",4,1
"AMOUNTS",4,1
"ANALYST",4,1
"ANGELES",4,1
"ANOMALY",4,1
"ANOVA",4,1
"AREA",4,1
"ASSETS",4,1
"AWIM",4,1
"BACKGROUNDS",4,1
"BOSCHS",4,1
"BUSINESSES",4,1
"C2C",4,1
"CAREERS",4,1
"CAUSES",4,1
"CENTRAL",4,1
"CHALLENGE",4,1
"CLIENTS",4,1
"CLUSTER",4,1
"CLUSTERING",4,1
"COLLEAGUES",4,1
"COLLECTION",4,1
"COME",4,1
"COMMITMENT",4,1
"COMMUNICATIONS",4,1
"CONSIDER",4,1
"CONSIDERED",4,1
"CONTEXT",4,1
"COORDINATE",4,1
"COUNTRY",4,1
"COVER",4,1
"CREATION",4,1
"CREDIT",4,1
"CROSS",4,1
"CUSTOM",4,1
"DASHBOARD",4,1
"DEMONSTRATE",4,1
"DEPARTMENT",4,1
"DEPENDING",4,1
"DIGITAL",4,1
"DISCOUNT",4,1
"DOCUMENT",4,1
"EACH",4,1
"EARTH",4,1
"EFFICIENCY",4,1
"EMERGING",4,1
"ENHANCE",4,1
"EVERYONE",4,1
"EXECUTIVE",4,1
"EXPAND",4,1
"EXPERIMENTAL",4,1
"EXPERT",4,1
"FEATURES",4,1
"FIELDS",4,1
"FINDINGS",4,1
"FLEXIBILITY",4,1
"FOSTER",4,1
"FRAMEWORKS",4,1
"FUN",4,1
"FUNCTIONAL",4,1
"FUTURE",4,1
"GENERAL",4,1
"GENERATION",4,1
"GETS",4,1
"GOAL",4,1
"GOVERNANCE",4,1
"HEAVY",4,1
"HERE",4,1
"HOLDERS",4,1
"HYPOTHESIS",4,1
"II",4,1
"IMPROVING",4,1
"INTEGRATED",4,1
"INTERESTED",4,1
"INVOLVED",4,1
"JOBS",4,1
"JOINING",4,1
"KEEN",4,1
"KEEP",4,1
"LEVERAGED",4,1
"LOGISTICS",4,1
"LOOK",4,1
"MACYS",4,1
"MANAGER",4,1
"MANAGING",4,1
"MANIPULATING",4,1
"MANUFACTURING",4,1
"MATERNITY",4,1
"MEMBER",4,1
"MENTAL",4,1
"MOTION",4,1
"MPATHIC",4,1
"NECESSARY",4,1
"NOVEL",4,1
"OAKS",4,1
"OFFERINGS",4,1
"ONBOARD",4,1
"OPTIONS",4,1
"PARTICIPATE",4,1
"PASSIONATE",4,1
"PATIENT",4,1
"PIPELINING",4,1
"POINTS",4,1
"POTENTIAL",4,1
"POWERBI",4,1
"PREDICT",4,1
"PREDICTION",4,1
"PREDICTIONS",4,1
"PRESENTING",4,1
"PRIORITIZE",4,1
"PROCEDURAL",4,1
"PROFESSIONALS",4,1
"PROTOTYPE",4,1
"REAL",4,1
"REALITY",4,1
"RECOGNITION",4,1
"RECORD",4,1
"RECORDS",4,1
"RELATIONSHIP",4,1
"REMAIN",4,1
"REPOSITORIES",4,1
"REQUIREMENT",4,1
"REQUIRES",4,1
"RETIREMENT",4,1
"RISKS",4,1
"ROADBLOCKS",4,1
"SALES",4,1
"SCALABLE",4,1
"SCRIPTING",4,1
"SEX",4,1
"SKILL",4,1
"STAKEHOLDER",4,1
"STANDARD",4,1
"STAY",4,1
"STOCK",4,1
"STRATEGIC",4,1
"SUPPLEMENTAL",4,1
"TASKS",4,1
"TEAMMATES",4,1
"TELEMETRY",4,1
"TESTED",4,1
"THINKING",4,1
"TOOLKITS",4,1
"TRANSFORMATION",4,1
"TRANSLATES",4,1
"TRAVEL",4,1
"UNIQUE",4,1
"UPCOMING",4,1
"UTILIZE",4,1
"UTILIZING",4,1
"VACCINATED",4,1
"VACCINATION",4,1
"VALIDATE",4,1
"VERSION",4,1
"VERTICALS",4,1
"WAREHOUSE",4,1
"WELLNESS",4,1
"WIDE",4,1
"ACCOMPLISH",3,1
"ACQUISITION",3,1
"ACTIVE",3,1
"ADAPT",3,1
"ADDING",3,1
"ADVANCING",3,1
"AFTER",3,1
"AIRFLOW",3,1
"ALGORITHM",3,1
"AMAZON",3,1
"AMERICA",3,1
"ANNOTATION",3,1
"ANOMALIES",3,1
"APPLICABLE",3,1
"APPROVED",3,1
"ARTICULATE",3,1
"AUTOMATE",3,1
"AZURE",3,1
"BENEFIT",3,1
"BRQC",3,1
"BUILT",3,1
"CAMBRIDGEBASED",3,1
"CAPABILITY",3,1
"CHANCE",3,1
"CHANGING",3,1
"CHAT",3,1
"CHOICE",3,1
"CITIZEN",3,1
"COLLABORATIVELY",3,1
"COMFORT",3,1
"CONDUCTING",3,1
"CONSIDERATION",3,1
"CONSUMERS",3,1
"CONTACT",3,1
"COUNSELING",3,1
"COURSEWORK",3,1
"COVID19",3,1
"COX",3,1
"DAYS",3,1
"DEFINITION",3,1
"DELIVERS",3,1
"DESCRIBE",3,1
"DETERMINE",3,1
"DEVELOPMENTS",3,1
"DEVISE",3,1
"DISCOVER",3,1
"DISCRIMINATE",3,1
"DOMAIN",3,1
"DONE",3,1
"DS",3,1
"DUTIESRESPONSIBILITIES",3,1
"ECONOMIC",3,1
"ECOSYSTEM",3,1
"EDUCATIONAL",3,1
"EFFECTS",3,1
"EFFICIENT",3,1
"EMBRACES",3,1
"EMPATHIC",3,1
"ENABLE",3,1
"ENERGY",3,1
"ENGAGEMENT",3,1
"ENHANCEMENT",3,1
"ENTERPRISE",3,1
"ENTERTAINMENT",3,1
"ENTIRE",3,1
"ESSENTIAL",3,1
"EVALUATION",3,1
"EVANGELIZE",3,1
"EXPECTED",3,1
"EXPERIMENT",3,1
"EXPERTS",3,1
"EXPRESSION",3,1
"EXTENSIVE",3,1
"FACE",3,1
"FAIR",3,1
"FASHION",3,1
"FEDERAL",3,1
"FINAL",3,1
"FORECAST",3,1
"FOREFRONT",3,1
"FRIDAY",3,1
"FUNDAMENTALS",3,1
"FUNDING",3,1
"GATHERING",3,1
"GENEROUS",3,1
"GITHUB",3,1
"GIVES",3,1
"GROUPS",3,1
"GUARDIANS",3,1
"GUIDANCE",3,1
"GURU",3,1
"HEALTHY",3,1
"HIGHDIMENSIONAL",3,1
"HOURS",3,1
"HUMAN",3,1
"IDEAS",3,1
"IDENTIFYING",3,1
"IE",3,1
"IMPACTFUL",3,1
"IMPACTING",3,1
"IMPLEMENTATION",3,1
"IMPLICATIONS",3,1
"INCLUSIVE",3,1
"INDICATORS",3,1
"INFRASTRUCTURE",3,1
"INTERACT",3,1
"INTERACTIONS",3,1
"INTERESTING",3,1
"INVOLVE",3,1
"JUPYTER",3,1
"JUST",3,1
"KAGGLE",3,1
"KPIS",3,1
"LABS",3,1
"LARGESCALE",3,1
"LEADER",3,1
"LEVERAGE",3,1
"LIMITED",3,1
"LOCATED",3,1
"LONG",3,1
"MAINTAINABLE",3,1
"MAINTENANCE",3,1
"MANIPULATE",3,1
"MARGIN",3,1
"MARKETPLACE",3,1
"MISLEADING",3,1
"MOBILITY",3,1
"MODE",3,1
"MONDAY",3,1
"MONTHLY",3,1
"MOTIVATION",3,1
"MUCH",3,1
"NETWORK",3,1
"NETWORKS",3,1
"OBTAIN",3,1
"OPERATING",3,1
"OPTIMAL",3,1
"ORAL",3,1
"ORIENTED",3,1
"PARTNERING",3,1
"PAYMENT",3,1
"PEERS",3,1
"PERFORMING",3,1
"PERSON",3,1
"PHARMACEUTICAL",3,1
"PHD",3,1
"PLACE",3,1
"PLANS",3,1
"PORTFOLIO",3,1
"POSITIONS",3,1
"POWERPOINT",3,1
"PRESENTATION",3,1
"PRIORITIES",3,1
"PRIORITIZATION",3,1
"PRIORITY",3,1
"PROACTIVE",3,1
"PROMOTE",3,1
"PROOF",3,1
"PROPERTIES",3,1
"PUBLIC",3,1
"PURSUANT",3,1
"QUERIES",3,1
"READY",3,1
"REASONABLE",3,1
"RECOMMENDATIONS",3,1
"REDUCE",3,1
"RELIGIOUS",3,1
"REMOTELY",3,1
"RESOURCE",3,1
"RESTRICTED",3,1
"RETENTION",3,1
"SELECT",3,1
"SENSITIVE",3,1
"SEVERAL",3,1
"SHAPING",3,1
"SHORT",3,1
"SHOW",3,1
"SITE",3,1
"SMARTER",3,1
"SNOWFLAKE",3,1
"SOCIAL",3,1
"SOLUTION",3,1
"SOURCING",3,1
"SPECIFIC",3,1
"SPENDING",3,1
"SPONSOR",3,1
"SPONSORSHIP",3,1
"SRI",3,1
"STORE",3,1
"STORES",3,1
"STRATEGIES",3,1
"STRUCTURES",3,1
"SUMMARY",3,1
"SUPPORTING",3,1
"SURVIVAL",3,1
"TAKES",3,1
"TALENT",3,1
"TELECOM",3,1
"TERM",3,1
"TESTS",3,1
"THEORY",3,1
"THRESHOLDS",3,1
"TITLE",3,1
"TOOL",3,1
"TOTAL",3,1
"TYPICAL",3,1
"UNDERLYING",3,1
"UNLIMITED",3,1
"UNSUPERVISED",3,1
"UPTODATE",3,1
"VARY",3,1
"VBA",3,1
"VOLUNTEER",3,1
"WANT",3,1
"WAYS",3,1
"WEATHER",3,1
"WELLBEING",3,1
"WORKFORCE",3,1
"WORKLIFE",3,1
"WORLDCLASS",3,1
"$12BYR",2,1
"10",2,1
"12",2,1
"20",2,1
"2023",2,1
"500",2,1
"5050",2,1
"ABILITIES",2,1
"ACADEMIC",2,1
"ACCOUNTABLE",2,1
"ACHIEVABLE",2,1
"ACTIVITIES",2,1
"ACTUARIAL",2,1
"ADDED",2,1
"ADOPTION",2,1
"AIM",2,1
"AIPOWERED",2,1
"ALIGN",2,1
"ALIGNED",2,1
"ALLOCATIONS",2,1
"AM",2,1
"AMBIGUITY",2,1
"AMBIGUOUS",2,1
"ANALYSES",2,1
"ANALYSISREGRESSION",2,1
"ANALYTICSDATA",2,1
"ANCESTRY",2,1
"ANNUAL",2,1
"ANSWER",2,1
"ANSWERING",2,1
"ANTIMONEY",2,1
"APACHE",2,1
"APPLICANT",2,1
"APPLIES",2,1
"ARCHITECTURE",2,1
"ARRAY",2,1
"ARREST",2,1
"ASPECT",2,1
"ASSESS",2,1
"ASSESSING",2,1
"ASSET",2,1
"ASSIGNED",2,1
"ASSIGNMENTS",2,1
"ASSISTING",2,1
"ASSOCIATED",2,1
"ATMOSPHERE",2,1
"AUTHORIZATION",2,1
"AUTHORIZED",2,1
"BACHELORMASTERS",2,1
"BAD",2,1
"BAGGING",2,1
"BANKING",2,1
"BANKWIDE",2,1
"BATH",2,1
"BEGIN",2,1
"BELIEVE",2,1
"BIAS",2,1
"BLEND",2,1
"BONDING",2,1
"BOUNDARIES",2,1
"BOX",2,1
"BROADER",2,1
"BUDGET",2,1
"CALLS",2,1
"CAPABLE",2,1
"CARDINAL",2,1
"CASE",2,1
"CASES",2,1
"CECL",2,1
"CENTERED",2,1
"CHAMPIONSHIPCALIBER",2,1
"CHANNEL",2,1
"CHARACTERISTIC",2,1
"CHECK",2,1
"CHILDREN",2,1
"CLASS",2,1
"COCACOLA",2,1
"COHERENT",2,1
"COLLABORATES",2,1
"COLLABORATIONS",2,1
"COMBINATION",2,1
"COMMERCE",2,1
"COMMUTING",2,1
"COMP",2,1
"COMPANYS",2,1
"COMPETITION",2,1
"COMPLETE",2,1
"COMPLEXITY",2,1
"COMPLICATED",2,1
"CONCENTRATION",2,1
"CONCEPTUAL",2,1
"CONDITION",2,1
"CONDUCTS",2,1
"CONFERENCES",2,1
"CONFIDENCE",2,1
"CONFRONTED",2,1
"CONNECTIVITY",2,1
"CONSIDERING",2,1
"CONSULTING",2,1
"CONTINUOUS",2,1
"CONVENIENCE",2,1
"CONVEY",2,1
"CONVICTION",2,1
"COOP",2,1
"COSTS",2,1
"COULD",2,1
"COURAGE",2,1
"COVERAGE",2,1
"COWORKING",2,1
"CRAFT",2,1
"CREATES",2,1
"CREATIVELY",2,1
"CREDIBLE",2,1
"CREED",2,1
"CRIMINAL",2,1
"CROSSDEPARTMENTAL",2,1
"CROSSFUNCTIONALLY",2,1
"CSUITE",2,1
"CULTIVATE",2,1
"CURIOSITY",2,1
"CURIOUS",2,1
"CUSTOMERPRODUCT",2,1
"CUSTOMERSCLIENTS",2,1
"CUSTOMIZED",2,1
"CUTTING",2,1
"CUTTINGEDGE",2,1
"DASHBOARDREPORT",2,1
"DATABASE",2,1
"DECISIONMAKERS",2,1
"DECISIONMAKING",2,1
"DEFINED",2,1
"DEGREEEXPERIENCE",2,1
"DEGREES",2,1
"DEMONSTRATES",2,1
"DEPTH",2,1
"DETAILED",2,1
"DEVICE",2,1
"DIAGNOSTICS",2,1
"DIALECT",2,1
"DIFFERENCE",2,1
"DIRECTION",2,1
"DISCIPLINEFIELD",2,1
"DISCRIMINATION",2,1
"DISCUSS",2,1
"DISPLAY",2,1
"DISTILL",2,1
"DISTURBING",2,1
"DIVERSITY",2,1
"DIVISION",2,1
"DOMAINTHEMATIC",2,1
"DRIVENDECISION",2,1
"DUE",2,1
"DURATION",2,1
"EAGER",2,1
"EARLYSTAGE",2,1
"EAST",2,1
"ECONOMETRICBASED",2,1
"EMAIL",2,1
"ENGAGE",2,1
"ENGAGING",2,1
"ENGINE",2,1
"ENSURES",2,1
"ENTHUSIASM",2,1
"EQUIPMENT",2,1
"ERRORS",2,1
"ESPN",2,1
"ESTABLISHED",2,1
"ETL",2,1
"EVEN",2,1
"EVERCHANGING",2,1
"EVIDENCE",2,1
"EVOLUTION",2,1
"EXCEPTIONAL",2,1
"EXCITED",2,1
"EXPERIENCES",2,1
"EXPLODING",2,1
"EXPLORATORY",2,1
"EXPLORE",2,1
"EXTEND",2,1
"EXTREME",2,1
"FACED",2,1
"FACETS",2,1
"FACTOR",2,1
"FASTGROWING",2,1
"FASTMOVING",2,1
"FAULTTOLERANT",2,1
"FEEDBACK",2,1
"FEEL",2,1
"FEELS",2,1
"FILLED",2,1
"FINANCEBUSINESSRISK",2,1
"FINTRUST",2,1
"FIRSTPRO",2,1
"FIT",2,1
"FITNESS",2,1
"FOLLOWS",2,1
"FORECASTS",2,1
"FORMAL",2,1
"FORTUNE",2,1
"FORWARDTHINKING",2,1
"FOSTERING",2,1
"FOUNDATIONAL",2,1
"FOUNDATIONS",2,1
"FRAMEWORK",2,1
"FREEDOM",2,1
"FRIENDLY",2,1
"FRONT",2,1
"FSA",2,1
"FUNCTION",2,1
"FUNCTIONS",2,1
"FUNDED",2,1
"GAIN",2,1
"GAMING",2,1
"GATHER",2,1
"GENERIC",2,1
"GEOLOGY",2,1
"GIVEN",2,1
"GLOBE",2,1
"GOODS",2,1
"GOVERNMENT",2,1
"GRUMMAN",2,1
"GUIDE",2,1
"GUIDELINES",2,1
"HANDLE",2,1
"HAPPENING",2,1
"HARASSMENT",2,1
"HARD",2,1
"HARM",2,1
"HEAD",2,1
"HEALTHTECH",2,1
"HELPS",2,1
"HISTORICAL",2,1
"HOC",2,1
"HOLDER",2,1
"HOLISTIC",2,1
"HR",2,1
"HTTPSWWWNOTIONSOEQUALPAYCOMMITMENTATMPATHIC25BB7B50B521490C86DF50DABFB1763A",2,1
"HYPOTHESES",2,1
"IBM",2,1
"IBMS",2,1
"IMMEDIATE",2,1
"IMPROVEMENT",2,1
"INC",2,1
"INCORPORATE",2,1
"INDEPENDENT",2,1
"INDIVIDUAL",2,1
"INDIVIDUALS",2,1
"INDUSTRIES",2,1
"INFORMATIVE",2,1
"INITIAL",2,1
"INSPIRATION",2,1
"INSTRUCTIONS",2,1
"INTERACTION",2,1
"INTERFACING",2,1
"INTERNSHIP",2,1
"INTERNSWISDOMINFOTECHCOM",2,1
"INTERPRETATION",2,1
"INTERVALS",2,1
"INTERVIEW",2,1
"INVENTORY",2,1
"INVESTIGATIONS",2,1
"ISNT",2,1
"ITERATE",2,1
"JOHNSON",2,1
"JOURNEY",2,1
"JULIA",2,1
"JUNIOR",2,1
"JUSTIFY",2,1
"KEYMES",2,1
"LAB",2,1
"LAST",2,1
"LEARNER",2,1
"LETS",2,1
"LETTER",2,1
"LIFECYCLES",2,1
"LIKELY",2,1
"LINKING",2,1
"LOAN",2,1
"LOCKSMITH",2,1
"LOCKSMITHS",2,1
"LOGICAL",2,1
"LOS",2,1
"LOYALTY",2,1
"LTDSTD",2,1
"MADE",2,1
"MALICIOUS",2,1
"MANAGERS",2,1
"MANIPULATION",2,1
"MATCHING",2,1
"MATTER",2,1
"MATURES",2,1
"MAXIMIZING",2,1
"MAXIMUM",2,1
"MEASUREMENT",2,1
"MENTOR",2,1
"MERGE",2,1
"MESSAGE",2,1
"MESSAGES",2,1
"MESSY",2,1
"METEOROLOGY",2,1
"METHODOLOGIES",2,1
"METHODOLOGY",2,1
"METRIC",2,1
"MICROSTRATEGY",2,1
"MINIMUM",2,1
"MININGDATA",2,1
"MISSIONDRIVEN",2,1
"MODELSTECHNIQUES",2,1
"MONEY",2,1
"MOVING",2,1
"MULTIDISCIPLINARY",2,1
"MULTITEAM",2,1
"MULTIVARIANT",2,1
"MULTIVARIATE",2,1
"NEXT",2,1
"NLP",2,1
"NN",2,1
"NUMPY",2,1
"OBJECTIVE",2,1
"OCEANOGRAPHY",2,1
"OFFER",2,1
"OFFERING",2,1
"OKAY",2,1
"ONBOARDING",2,1
"ONESTOP",2,1
"ONLINE",2,1
"ONSITE",2,1
"ONSITEHYBRID",2,1
"OPENMINDED",2,1
"OPERATIONALIZE",2,1
"OPPORTUNITYAFFIRMATIVE",2,1
"OPTION",2,1
"ORDINANCE",2,1
"ORGANIZATIONAL",2,1
"OUTSIDE",2,1
"OWNERS",2,1
"PACKAGED",2,1
"PAGE",2,1
"PARENTALMATERNITY",2,1
"PARTNERED",2,1
"PARTNERSHIP",2,1
"PARTY",2,1
"PATENT",2,1
"PATTERN",2,1
"PATTERNS",2,1
"PAYMENTS",2,1
"PDF",2,1
"PENSION",2,1
"PHYSICS",2,1
"PIVOT",2,1
"PLAYER",2,1
"POINT",2,1
"POPULATION",2,1
"PORTLAND",2,1
"POSSESSES",2,1
"POSSIBILITY",2,1
"PRACTICING",2,1
"PREFER",2,1
"PREFERENCES",2,1
"PREPARATIONETL",2,1
"PREPARING",2,1
"PRESALES",2,1
"PRESENTS",2,1
"PRICES",2,1
"PRIVACY",2,1
"PRODUCTIONREADY",2,1
"PRODUCTIVELY",2,1
"PROGRAMMATIC",2,1
"PROGRESS",2,1
"PROPER",2,1
"PROPOSE",2,1
"PROSPECTIVE",2,1
"PT",2,1
"PULSE",2,1
"PURPOSE",2,1
"PURPOSES",2,1
"PUSHES",2,1
"PYCHARMETC",2,1
"PYTHONEXPERIENCE",2,1
"PYTHONR",2,1
"QUESTIONNAIRE",2,1
"QUICK",2,1
"QUO",2,1
"R2",2,1
"RAISED",2,1
"RAPID",2,1
"REACH",2,1
"REACHED",2,1
"REALTIME",2,1
"REALWORLD",2,1
"RECOGNIZE",2,1
"RECOGNIZED",2,1
"RECRUITERS",2,1
"REDEFINES",2,1
"REDSHIFT",2,1
"REGULATORY",2,1
"REIMBURSEMENT",2,1
"REMOTEFIRST",2,1
"REMOVE",2,1
"REPEATABLE",2,1
"REPRODUCIBILITY",2,1
"REPRODUCIBLE",2,1
"REQUIRE",2,1
"RESPECT",2,1
"RESPONSES",2,1
"REST",2,1
"RESUME",2,1
"RETAILERS",2,1
"REUSABILITY",2,1
"REVIEWS",2,1
"REVOLUTIONIZING",2,1
"ROADMAPS",2,1
"ROBOTIC",2,1
"ROBOTICS",2,1
"ROBUST",2,1
"ROOT",2,1
"ROUND",2,1
"ROUTING",2,1
"RULES",2,1
"SAFE",2,1
"SAFER",2,1
"SCIKITLEARN",2,1
"SCORES",2,1
"SCREENINGEXAMINATION",2,1
"SECRET",2,1
"SEGMENTS",2,1
"SELECTION",2,1
"SELFGUIDED",2,1
"SENIORLEVEL",2,1
"SESSIONS",2,1
"SETTINGS",2,1
"SIDE",2,1
"SIGNAL",2,1
"SIGNON",2,1
"SIMULATION",2,1
"SITES",2,1
"SOFT",2,1
"SOLVER",2,1
"SOMEONE",2,1
"SOURCINGS",2,1
"SPARKING",2,1
"SPATIOTEMPORAL",2,1
"SPECIALISTS",2,1
"SPECIALIZATIONS",2,1
"SPEED",2,1
"STAFF",2,1
"STAR",2,1
"STATEMENT",2,1
"STATEOFTHEART",2,1
"STORAGE",2,1
"STOREPRODUCT",2,1
"STORIES",2,1
"STORYLINE",2,1
"STRUCTUREPRICING",2,1
"STUDENT",2,1
"SUPPORTER",2,1
"SUPPORTS",2,1
"TABLES",2,1
"TACKLING",2,1
"TAKEHOME",2,1
"TALENTED",2,1
"TARGETED",2,1
"TECHSAVVY",2,1
"TELEWORKING",2,1
"TERABYTE",2,1
"TERMLONG",2,1
"THERAPIST",2,1
"THIRD",2,1
"THOUGHT",2,1
"THRIVE",2,1
"TIMELY",2,1
"TIMES",2,1
"TOOLING",2,1
"TOPICS",2,1
"TRACKING",2,1
"TRADEOFFS",2,1
"TRAJECTORY",2,1
"TRANSFER",2,1
"TRANSGENDER",2,1
"TREDENCE",2,1
"TREES",2,1
"TRUSTED",2,1
"TSUNAMI",2,1
"TURN",2,1
"TWITCHS",2,1
"UNLOCK",2,1
"UPANDCOMING",2,1
"UPDATES",2,1
"UPFRONT",2,1
"USAGE",2,1
"USED",2,1
"USEFUL",2,1
"USERS",2,1
"USES",2,1
"UTILITY",2,1
"VALIDATION",2,1
"VALUABLE",2,1
"VARYING",2,1
"VAST",2,1
"VENTURE",2,1
"VIABLE",2,1
"VISUAL",2,1
"W2",2,1
"WARS",2,1
"WEAKNESSES",2,1
"WEB",2,1
"WEBLOG",2,1
"WEEKLY",2,1
"WENACHEE",2,1
"WHOLE",2,1
"WILLING",2,1
"WISH",2,1
"WITHING",2,1
"WORD",2,1
"WORKFLOWS",2,1
"WORKPLACE",2,1
"WORKSITE",2,1
"WORKSTREAMS",2,1
"YELP",2,1
"YOURE",2,1
"YRS",2,1
"$10000000",1,1
"$125K$135K",1,1
"$13000000",1,1
"$130M",1,1
"$144000",1,1
"$150M",1,1
"$162360",1,1
"$16M",1,1
"$200KYR",1,1
"$96000$220000",1,1
"14",1,1
"14042",1,1
"140K160K",1,1
"23",1,1
"28",1,1
"303028",1,1
"30MINUTE",1,1
"35",1,1
"46",1,1
"55K",1,1
"57",1,1
"60",1,1
"60K",1,1
"7ELEVEN",1,1
"7PAID",1,1
"9",1,1
"ABSENCE",1,1
"ACCEPT",1,1
"ACCESSING",1,1
"ACCOUNTS",1,1
"ACCREDITED",1,1
"ACHIEVEMENT",1,1
"ACHIEVING",1,1
"ACQUIRE",1,1
"ACTING",1,1
"ACTIONING",1,1
"ACTIONS",1,1
"ACTUAL",1,1
"ACUMEN",1,1
"ADHERENCE",1,1
"ADOPT",1,1
"ADVANTAGE",1,1
"ADVANTAGES",1,1
"ADVICE",1,1
"ADVISE",1,1
"ADVOCATE",1,1
"AESTHETICALLY",1,1
"AFFIRMATIVE",1,1
"AGENCIES",1,1
"AGREED",1,1
"AID",1,1
"AIDRIVEN",1,1
"ALGORITHMIC",1,1
"ALIGNMENT",1,1
"ALLOCATION",1,1
"ALLOW",1,1
"ALLOWS",1,1
"AMBITIOUS",1,1
"AMERICAS",1,1
"ANALYTICALQUANTITATIVE",1,1
"ANALYTICALSTATISTICAL",1,1
"ANALYZED",1,1
"ANSWERABLE",1,1
"ANYONE",1,1
"APERSHINGCLIMATECENTRALORG",1,1
"APIS",1,1
"APPOINTMENT",1,1
"APPROACH",1,1
"APPROPRIATE",1,1
"APPROVAL",1,1
"APPROVE",1,1
"APTITUDE",1,1
"ARCHITECTURAL",1,1
"ARISING",1,1
"ARRIVAL",1,1
"ARTISTS",1,1
"ASAP",1,1
"ASKED",1,1
"ASKHRHERSHEYSCOM",1,1
"ASSESSMENT",1,1
"ASSIGNMENT",1,1
"ASSISTANCE",1,1
"ASSOCIATE",1,1
"ASSOCIATES",1,1
"ASSURES",1,1
"ASYNCHRONOUS",1,1
"ATHLETES",1,1
"ATL",1,1
"ATTACKS",1,1
"ATTEMPTS",1,1
"ATTITUDE",1,1
"ATTRACTIVE",1,1
"AUDIBLE",1,1
"AUGMENT",1,1
"AUGMENTED",1,1
"AUGRAY",1,1
"AUTOMOTIVE",1,1
"AUTONOMOUS",1,1
"AUTONOMY",1,1
"AWARENESS",1,1
"BACHELOR",1,1
"BACK",1,1
"BACKED",1,1
"BACKGROUNDPRIOR",1,1
"BACKTEST",1,1
"BALANCED",1,1
"BALTIMORE",1,1
"BAMTECH",1,1
"BANDING",1,1
"BED",1,1
"BEHAVIORAL",1,1
"BEHAVIORS",1,1
"BELLEVUE",1,1
"BET",1,1
"BIANNUAL",1,1
"BIGGEST",1,1
"BILLION",1,1
"BILLIONS",1,1
"BIOMECHANICS",1,1
"BIORESEARCH",1,1
"BIOSTATISTICS",1,1
"BLOG",1,1
"BODIES",1,1
"BOOSTING",1,1
"BOOTSTRAPPING",1,1
"BRAND",1,1
"BRANDS",1,1
"BREADTH",1,1
"BREAK",1,1
"BRIBERY",1,1
"BRIGHT",1,1
"BRINGING",1,1
"BROAD",1,1
"BS",1,1
"BSMS",1,1
"BUZZWORD",1,1
"C",1,1
"CALCULABLE",1,1
"CALIBRATION",1,1
"CALL",1,1
"CAMPAIGN",1,1
"CAPITAL",1,1
"CARING",1,1
"CASH",1,1
"CATEGORIZE",1,1
"CATEGORY",1,1
"CATERPILLAR",1,1
"CELEBRATION",1,1
"CENTRALIZE",1,1
"CENTRALIZED",1,1
"CHARACTERS",1,1
"CHARGES",1,1
"CHARITABLE",1,1
"CHARITY",1,1
"CHARTERED",1,1
"CHECKS",1,1
"CHIEF",1,1
"CHURNRETENTION",1,1
"CLAIMS",1,1
"CLARIFY",1,1
"CLASSES",1,1
"CLASSIFIERS",1,1
"CLEANING",1,1
"CLEANSE",1,1
"CLIENTSSTAKEHOLDERS",1,1
"CLOSE",1,1
"CLOUDBASED",1,1
"COACHES",1,1
"COACHING",1,1
"COAST",1,1
"COCREATION",1,1
"COLLABORATOR",1,1
"COLLECTING",1,1
"COMBINED",1,1
"COMBINES",1,1
"COMBINING",1,1
"COMMAND",1,1
"COMMENCEMENT",1,1
"COMPANYWIDE",1,1
"COMPARABLE",1,1
"COMPASSION",1,1
"COMPLETION",1,1
"COMPLY",1,1
"COMPONENT",1,1
"COMPREHEND",1,1
"COMPRISED",1,1
"COMPUTATIONAL",1,1
"CONCEPT",1,1
"CONCEPTUALIZE",1,1
"CONCISE",1,1
"CONCURRENT",1,1
"CONDUCTED",1,1
"CONFIDENT",1,1
"CONFLICTS",1,1
"CONNECTING",1,1
"CONSENSUS",1,1
"CONSISTENT",1,1
"CONSOLIDATE",1,1
"CONSTANT",1,1
"CONSTRAINTS",1,1
"CONSTRUCT",1,1
"CONSULT",1,1
"CONTAINED",1,1
"CONTAINERS",1,1
"CONTEXTUALIZE",1,1
"CONTRACTOR",1,1
"CONTRACTTOHIRE",1,1
"CONTRIBUTIONS",1,1
"CONTRIBUTOR",1,1
"CONVENE",1,1
"CONVENIENT",1,1
"CONVENTION",1,1
"CONVERSANT",1,1
"CONVERSATION",1,1
"CONVERSATIONS",1,1
"CONVOLUTIONAL",1,1
"CORRECTION",1,1
"COUNTS",1,1
"COUPLED",1,1
"COURSE",1,1
"COURT",1,1
"COWORKERS",1,1
"CPUGPU",1,1
"CROSSCULTURAL",1,1
"CRUCIAL",1,1
"CURATED",1,1
"CUSTOMIZING",1,1
"CVS",1,1
"CYCLE",1,1
"DATAANALYTICS",1,1
"DATAINSIGHTS",1,1
"DATASET",1,1
"DATES",1,1
"DAYTODAY",1,1
"DEALING",1,1
"DEBT",1,1
"DEBUT",1,1
"DECIDE",1,1
"DECOMPOSITION",1,1
"DEFEND",1,1
"DEIB",1,1
"DELIVERABLES",1,1
"DELIVERIES",1,1
"DELIVERING",1,1
"DEMANDING",1,1
"DEMONSTRATION",1,1
"DEPENDENT",1,1
"DEPLOYMENT",1,1
"DEPRESSION",1,1
"DESCRIPTIVE",1,1
"DESIGNED",1,1
"DESIRABLE",1,1
"DESIRED",1,1
"DETERMINANTS",1,1
"DEVELOPS",1,1
"DIFFICULT",1,1
"DIGESTIBLE",1,1
"DISCLOSE",1,1
"DISCRIMINATED",1,1
"DISCUSSION",1,1
"DISTANCE",1,1
"DIVE",1,1
"DOCUMENTATION",1,1
"DOES",1,1
"DOMESTIC",1,1
"DONT",1,1
"DOORS",1,1
"DR",1,1
"DRAW",1,1
"DREAM",1,1
"DUAL",1,1
"DUPLICATE",1,1
"DUPLICATING",1,1
"DUTIES",1,1
"DYNAMODB",1,1
"EAGERNESS",1,1
"EAP",1,1
"EASY",1,1
"EDIT",1,1
"EDITING",1,1
"EDUCATE",1,1
"EDUCATED",1,1
"EEOAA",1,1
"EFFECTIVENESS",1,1
"EFFICACY",1,1
"EFFORT",1,1
"EIS",1,1
"ELEMENTAL",1,1
"ELEVATED",1,1
"ELIMINATE",1,1
"ELSE",1,1
"EMOTIONAL",1,1
"EMPHASIS",1,1
"EMPLOY",1,1
"EMPLOYERS",1,1
"EMPOWERED",1,1
"EMPOWERING",1,1
"ENABLEMENT",1,1
"ENABLING",1,1
"ENCOURAGED",1,1
"ENCOURAGEMENT",1,1
"ENCOURAGES",1,1
"ENDLESS",1,1
"ENERGETIC",1,1
"ENERGYEFFICIENT",1,1
"ENGINEERINGCODING",1,1
"ENGINEERINGDEVELOPMENT",1,1
"ENHANCEMENTS",1,1
"ENHANCING",1,1
"ENOUGH",1,1
"ENROLL",1,1
"ENROLLED",1,1
"ENTHUSIASTIC",1,1
"ENTITY",1,1
"ENTREPRENEURIAL",1,1
"ENTRY",1,1
"ENTRYLEVEL",1,1
"EPIC",1,1
"EQUALITY",1,1
"EQUITABLE",1,1
"ERROR",1,1
"ESCALATIONS",1,1
"ESTABLISH",1,1
"ESTIMATING",1,1
"ETHIC",1,1
"EVALUATES",1,1
"EVALUATING",1,1
"EVANGELIST",1,1
"EXAMINE",1,1
"EXAMPLE",1,1
"EXAMPLES",1,1
"EXCITEMENT",1,1
"EXECUTION",1,1
"EXERCISE",1,1
"EXOTIC",1,1
"EXPANDING",1,1
"EXPANSION",1,1
"EXPENSIVE",1,1
"EXPERIENCESKILL",1,1
"EXPERIMENTING",1,1
"EXPLAIN",1,1
"EXPLAINABLE",1,1
"EXPLORATION",1,1
"EXPLORES",1,1
"EXPLORING",1,1
"EXPOSURE",1,1
"EXTENDED",1,1
"EXTENDING",1,1
"EXTENSIBLE",1,1
"EXTRACT",1,1
"EXTRACTING",1,1
"EXTRACTION",1,1
"EXTRACTORS",1,1
"FACILITATE",1,1
"FACILITATION",1,1
"FACING",1,1
"FACTORS",1,1
"FACTS",1,1
"FAIRNESS",1,1
"FAMILIES",1,1
"FAN",1,1
"FASTEST",1,1
"FEASIBILITY",1,1
"FEW",1,1
"FIGHT",1,1
"FIGHTING",1,1
"FILL",1,1
"FINANCE",1,1
"FINDING",1,1
"FINTRUSTCONNECTCOM",1,1
"FIVE",1,1
"FLOOR",1,1
"FLUENCY",1,1
"FLUENT",1,1
"FLYING",1,1
"FOLLOW",1,1
"FOREIGN",1,1
"FORM",1,1
"FORMAT",1,1
"FORMS",1,1
"FORWARD",1,1
"FOUND",1,1
"FOXBOROMANSFIELD",1,1
"FRAME",1,1
"FRANCHISE",1,1
"FRANCISCO",1,1
"FRAUDSTERS",1,1
"FREE",1,1
"FRESH",1,1
"FRIDAYS",1,1
"FUNDAMENTAL",1,1
"GAME",1,1
"GAPS",1,1
"GATHERED",1,1
"GC",1,1
"GEEKS",1,1
"GENETIC",1,1
"GENETICS",1,1
"GEOGRAPHIC",1,1
"GETTING",1,1
"GIFT",1,1
"GITHUBGITLAB",1,1
"GIVE",1,1
"GIVING",1,1
"GLASSES",1,1
"GLM",1,1
"GOOGLE",1,1
"GRAPHICAL",1,1
"GREATER",1,1
"GREATEST",1,1
"GRIEVE",1,1
"GROUND",1,1
"GROWN",1,1
"GUARDIAN",1,1
"GUROBI",1,1
"H1B",1,1
"HANDFUL",1,1
"HANDLING",1,1
"HANG",1,1
"HAPPEN",1,1
"HAPPY",1,1
"HARDEST",1,1
"HARDWARE",1,1
"HAVING",1,1
"HEALTHDENTALVISION",1,1
"HEALTHS",1,1
"HEAR",1,1
"HELM",1,1
"HERSHEYS",1,1
"HIGHLIGHTED",1,1
"HIGHVALUE",1,1
"HIRES",1,1
"HISTORIES",1,1
"HITTERS",1,1
"HOLIDAYS",1,1
"HOMES",1,1
"HORIZON",1,1
"HOSPITALIZATIONS",1,1
"HOTFIXES",1,1
"HOURLY",1,1
"HOUSTON",1,1
"HQ",1,1
"HSA",1,1
"HTTPSWWWNOTIONSOMISSIONVISIONGUIDINGPRINCIPLESANDVALUESE7CC4A792BF74E059D946CCDDECC1979",1,1
"HTTPSWWWNOTIONSOMPATHICCAREERSFA270B2968D449538562F119C66E79DF",1,1
"HTTPWWWNORTHROPGRUMMANCOMEEO",1,1
"HUMANITY",1,1
"HUMBLE",1,1
"HUNDREDS",1,1
"HUNGER",1,1
"I",1,1
"IBMERS",1,1
"ICML",1,1
"ICRELATED",1,1
"ID",1,1
"IDENTIFIED",1,1
"IMAGE",1,1
"IMAGINATIVELY",1,1
"IMAGINE",1,1
"IMMIGRATION",1,1
"IMPECCABLE",1,1
"IMPORTANCE",1,1
"IMPORTANT",1,1
"IMPROVISE",1,1
"INCIDENTS",1,1
"INCREASE",1,1
"INCREASES",1,1
"INCREASING",1,1
"INCUBATION",1,1
"INDIA",1,1
"INFERENCES",1,1
"INFERENTIAL",1,1
"INFORMAL",1,1
"INFORMED",1,1
"INFRASTRUCTURES",1,1
"INHOUSE",1,1
"INITIATIVE",1,1
"INNOVATE",1,1
"INPRODUCT",1,1
"INPUT",1,1
"INSIGHTFUL",1,1
"INSPIRING",1,1
"INSTALLATIONS",1,1
"INSTANT",1,1
"INSTITUTION",1,1
"INSTRUMENTATION",1,1
"INTEGRATES",1,1
"INTEGRATING",1,1
"INTELLECTUAL",1,1
"INTELLIGENCEANALYTICS",1,1
"INTERN",1,1
"INTERNET",1,1
"INTERNSFELLOWS",1,1
"INTERNSHIPS",1,1
"INTERPERSONAL",1,1
"INTERPRETS",1,1
"INTERVIEWING",1,1
"INTERVIEWS",1,1
"INVESTIGATE",1,1
"INVESTMENTS",1,1
"INVISIBLE",1,1
"INVOLVEMENT",1,1
"IOT",1,1
"IRVING",1,1
"ITERATIVE",1,1
"ITERATIVELY",1,1
"JAVASCRIPT",1,1
"JERSEY",1,1
"JOBRELATED",1,1
"JOBSCLIMATECENTRALORG",1,1
"JOHNSONS",1,1
"JOINT",1,1
"JUGGLE",1,1
"KAFKA",1,1
"KEEPING",1,1
"KEYS",1,1
"KIOSK",1,1
"KIOSKS",1,1
"KNOWLEDGEABLE",1,1
"KROGER",1,1
"LABELED",1,1
"LAKE",1,1
"LANDSCAPE",1,1
"LARGER",1,1
"LAUNCHED",1,1
"LAUNDERING",1,1
"LAW",1,1
"LEADERS",1,1
"LEADINGEDGE",1,1
"LEADS",1,1
"LEAGUE",1,1
"LEARNINGS",1,1
"LEASING",1,1
"LEDGENT",1,1
"LEGENDARY",1,1
"LEND",1,1
"LEVERAGING",1,1
"LIAISE",1,1
"LIAISON",1,1
"LIBRARY",1,1
"LICENSED",1,1
"LIFELONG",1,1
"LIFETIME",1,1
"LIGHTING",1,1
"LIGHTS",1,1
"LIMITING",1,1
"LINE",1,1
"LINES",1,1
"LINKS",1,1
"LINTHICUM",1,1
"LINUX",1,1
"LISTED",1,1
"LISTINGS",1,1
"LITERACY",1,1
"LOAD",1,1
"LOCKOUT",1,1
"LOGIC",1,1
"LONELINESS",1,1
"LONGER",1,1
"LONGTERM",1,1
"LOSSES",1,1
"LOT",1,1
"LUCKY",1,1
"MA",1,1
"MAIL",1,1
"MAIN",1,1
"MAINTAINING",1,1
"MAKES",1,1
"MANDATE",1,1
"MAPTHICS",1,1
"MARGINALIZED",1,1
"MARVEL",1,1
"MARYLAND",1,1
"MASS",1,1
"MASSAGE",1,1
"MASSIVE",1,1
"MATHEMATIC",1,1
"MATHEMATICALSTATISTICAL",1,1
"MATURATION",1,1
"MAXIMIZE",1,1
"MEANINGFUL",1,1
"MEANS",1,1
"MECHANICS",1,1
"MECHANISMS",1,1
"MEDIA",1,1
"MEDIAENTERTAINMENT",1,1
"MEETING",1,1
"MEETINGS",1,1
"MERCHANDISING",1,1
"MERIT",1,1
"MESSAGING",1,1
"METHOD",1,1
"METROPOLITAN",1,1
"MICROSERVICES",1,1
"MIDLEVEL",1,1
"MIGHT",1,1
"MILE",1,1
"MIND",1,1
"MINDED",1,1
"MINIMAL",1,1
"MINIMIZE",1,1
"MINUTE",1,1
"MITIGATE",1,1
"MIXED",1,1
"MLDL",1,1
"MLOPS",1,1
"MODELBASED",1,1
"MODULAR",1,1
"MONDAYS",1,1
"MONETIZATION",1,1
"MONTH",1,1
"MONTHS",1,1
"MOORES",1,1
"MOVE",1,1
"MSPHD",1,1
"MULTICULTURAL",1,1
"MULTINATIONALS",1,1
"MULTINODE",1,1
"MULTITUDE",1,1
"MUNGE",1,1
"MUSIC",1,1
"NEURAL",1,1
"NGMS",1,1
"NICE",1,1
"NICETOHAVE",1,1
"NINE",1,1
"NJ",1,1
"NLPNLU",1,1
"NONETHELESS",1,1
"NORTH",1,1
"NORTHROP",1,1
"NOSQL",1,1
"NOTE",1,1
"NOTICE",1,1
"NOTIFIED",1,1
"NOVEMBER",1,1
"NRG",1,1
"NUMBER",1,1
"NUMERIC",1,1
"NURSING",1,1
"OBJECT",1,1
"OBSESSION",1,1
"OCCUR",1,1
"OCTOBER",1,1
"OFFERS",1,1
"OFFICER",1,1
"OFFICES",1,1
"ONTHEJOB",1,1
"OPENCV",1,1
"OPENING",1,1
"OPENSOURCE",1,1
"OPERATION",1,1
"OPTIMI",1,1
"OPTIMIZING",1,1
"OUTPUTS",1,1
"OUTSTANDING",1,1
"OVERSEE",1,1
"OVERSIGHT",1,1
"OVERVIEW",1,1
"PA",1,1
"PAIN",1,1
"PAK",1,1
"PANDAS",1,1
"PANDEMIC",1,1
"PAPERS",1,1
"PARTIES",1,1
"PARTTIME",1,1
"PATENTABLE",1,1
"PATENTING",1,1
"PAYING",1,1
"PAYS",1,1
"PAYSALARYBENEFITSPERKS",1,1
"PEER",1,1
"PEOPLECLE",1,1
"PEOPLES",1,1
"PERFECT",1,1
"PERIOD",1,1
"PERIODIC",1,1
"PERMANENT",1,1
"PERSISTENT",1,1
"PERSONALITY",1,1
"PERSONALIZING",1,1
"PERSPECTIVE",1,1
"PHARMACY",1,1
"PHILOSOPHY",1,1
"PHONE",1,1
"PICTURE",1,1
"PIECE",1,1
"PIXAR",1,1
"PLACEMENT",1,1
"PLANTS",1,1
"PLAY",1,1
"PLAYERS",1,1
"PLEASING",1,1
"PLOTLY",1,1
"POINTOFSALE",1,1
"POLICIES",1,1
"POPULAR",1,1
"POSITIVE",1,1
"POSTING",1,1
"POTOMAC",1,1
"PRAGMATIC",1,1
"PREFERENCE",1,1
"PREGNANCY",1,1
"PREMIUM",1,1
"PREP",1,1
"PREPARATION",1,1
"PRESENTATIONS",1,1
"PREVENTING",1,1
"PREVENTIVE",1,1
"PRICING",1,1
"PRIDE",1,1
"PRINCIPLES",1,1
"PRIVATE",1,1
"PROCEDURES",1,1
"PRODUCING",1,1
"PRODUCTIONIZE",1,1
"PRODUCTIVITY",1,1
"PRODUCTPROJECT",1,1
"PROFILE",1,1
"PROFITABLE",1,1
"PROHIBIT",1,1
"PROMOTED",1,1
"PROMOTES",1,1
"PROMOTION",1,1
"PROOFS",1,1
"PROPERTY",1,1
"PROPOSED",1,1
"PROTOTYPING",1,1
"PROVE",1,1
"PROVIDERS",1,1
"PURSUING",1,1
"PYMC",1,1
"PYSPARK",1,1
"QUANTITIES",1,1
"QUANTUM",1,1
"QUARTERLY",1,1
"QUERYING",1,1
"QUEST",1,1
"QUESTION",1,1
"QUICKSIGHT",1,1
"RADICAL",1,1
"RANGES",1,1
"RANGING",1,1
"RAW",1,1
"RE",1,1
"READ",1,1
"READINESS",1,1
"READREVISE",1,1
"READYING",1,1
"REASON",1,1
"RECEIPTS",1,1
"RECENT",1,1
"RECOMMEND",1,1
"RECOMMENDS",1,1
"RECRUIT",1,1
"RECRUITMENT",1,1
"RECURRENT",1,1
"REFINE",1,1
"REGARDLESS",1,1
"REGION",1,1
"REGULATORS",1,1
"RELAXED",1,1
"RELEASE",1,1
"RELIABLE",1,1
"RELIANCE",1,1
"RELIANT",1,1
"RELOCATE",1,1
"RELY",1,1
"REMAINDER",1,1
"REMARKABLE",1,1
"RENEWAL",1,1
"REORGANIZE",1,1
"REPETITIVE",1,1
"REPLY",1,1
"REPRESENT",1,1
"REPRESENTATION",1,1
"REPRESENTS",1,1
"REQUEST",1,1
"REQUESTS",1,1
"REQUIREMENTSANALYSIS",1,1
"RESEARCHANALYTICS",1,1
"RESEARCHES",1,1
"RESIDE",1,1
"RESIDENT",1,1
"RESOLUTION",1,1
"RESTLESS",1,1
"RESULT",1,1
"RETAINING",1,1
"RETREAT",1,1
"REVENUE",1,1
"REVIEWING",1,1
"RIGOROUSLY",1,1
"RISE",1,1
"RITE",1,1
"ROADMAP",1,1
"ROBERT",1,1
"ROLES",1,1
"ROOTCAUSE",1,1
"ROWS",1,1
"RPA",1,1
"RUN",1,1
"RUNNING",1,1
"SAAS",1,1
"SAFEGUARD",1,1
"SAGEMAKER",1,1
"SALT",1,1
"SAN",1,1
"SATISFACTION",1,1
"SATISFACTORY",1,1
"SAVE",1,1
"SCALA",1,1
"SCAN",1,1
"SCENARIOS",1,1
"SCHEDULES",1,1
"SCI",1,1
"SCIENTISTANALYST",1,1
"SCIPY",1,1
"SCOPE",1,1
"SCOUTING",1,1
"SCRAPING",1,1
"SCREENING",1,1
"SCRUM",1,1
"SEA",1,1
"SECONDARY",1,1
"SECTORS",1,1
"SECURE",1,1
"SECURITY",1,1
"SEEK",1,1
"SEGMENTATION",1,1
"SELECTING",1,1
"SELFMANAGED",1,1
"SELFSERVICE",1,1
"SELFSUPERVISED",1,1
"SEMANTIC",1,1
"SEMISUPERVISED",1,1
"SEND",1,1
"SENIORITY",1,1
"SENSOR",1,1
"SENSORS",1,1
"SERVED",1,1
"SETTING",1,1
"SHARING",1,1
"SHELLCOMMANDLINE",1,1
"SHIFT",1,1
"SHIFTING",1,1
"SHINY",1,1
"SHOWN",1,1
"SIGNALS",1,1
"SIGNUPS",1,1
"SIMPLIFY",1,1
"SIMPSONS",1,1
"SIMULATIONS",1,1
"SINGLE",1,1
"SIT",1,1
"SITS",1,1
"SITUATION",1,1
"SIZE",1,1
"SKILLSET",1,1
"SKLEARN",1,1
"SMARTEST",1,1
"SMASH",1,1
"SOCIALIZE",1,1
"SOCIETY",1,1
"SOFTWAREPROGRAMMING",1,1
"SOLE",1,1
"SOLVERS",1,1
"SORRY",1,1
"SOUND",1,1
"SOUNDS",1,1
"SPECIALIST",1,1
"SPECIALIZATION",1,1
"SPECIFICATIONS",1,1
"SPORTING",1,1
"SPOUSES",1,1
"SPREAD",1,1
"SPRING",1,1
"SQUAD",1,1
"STACK",1,1
"STAGE",1,1
"STAGES",1,1
"STAN",1,1
"STAND",1,1
"STANDARDIZATION",1,1
"STANDARDIZE",1,1
"STANDARDIZED",1,1
"STANDARDIZING",1,1
"STARTING",1,1
"STATEOFART",1,1
"STAYED",1,1
"STAYING",1,1
"STEWARD",1,1
"STEWARDS",1,1
"STILL",1,1
"STORYTELLING",1,1
"STRAIGHTFORWARD",1,1
"STRATEGIST",1,1
"STRATIFICATION",1,1
"STRENGTHEN",1,1
"STRENGTHS",1,1
"STRIVE",1,1
"STRONGEST",1,1
"STRUCTURE",1,1
"STRUCTURING",1,1
"STUDIES",1,1
"STUDY",1,1
"STYLE",1,1
"SUBSCRIBER",1,1
"SUBSIDIZED",1,1
"SUCCEED",1,1
"SUCCESSOR",1,1
"SUFFICIENT",1,1
"SUGGESTIONS",1,1
"SUITABLE",1,1
"SUMMARIZE",1,1
"SUPERVISION",1,1
"SURVEY",1,1
"SYNCHRONOUS",1,1
"TAILOR",1,1
"TALK",1,1
"TANGIBLE",1,1
"TEACH",1,1
"TEAMED",1,1
"TECHNOLOGICAL",1,1
"TELECOMMUNICATIONS",1,1
"TELECOMMUTE",1,1
"TELEMATICS",1,1
"TENSORFLOW",1,1
"TENSORFLOWKERAS",1,1
"TENURED",1,1
"TEXAS",1,1
"TEXT",1,1
"THANKS",1,1
"THEME",1,1
"THINKER",1,1
"THOUSANDS",1,1
"THREE",1,1
"THRIVING",1,1
"TIE",1,1
"TIMELESS",1,1
"TIMELINE",1,1
"TIMESERIES",1,1
"TIPS",1,1
"TODAY",1,1
"TOOLSPACKAGES",1,1
"TOOLSTECHNIQUES",1,1
"TORCH",1,1
"TOWARD",1,1
"TOYOTAS",1,1
"TRADITIONAL",1,1
"TRAIN",1,1
"TRAININGCERTIFICATION",1,1
"TRANSFORMATIONAL",1,1
"TRANSFORMERS",1,1
"TRANSFORMING",1,1
"TRANSITION",1,1
"TRANSLATORS",1,1
"TRANSPARENCY",1,1
"TRANSPORTATION",1,1
"TRENDING",1,1
"TRIAL",1,1
"TROUBLE",1,1
"TROUBLESHOOT",1,1
"TROUBLESHOOTING",1,1
"TRUE",1,1
"TRY",1,1
"TRYING",1,1
"TUITION",1,1
"TW7772",1,1
"TWITTER",1,1
"TWOSIDED",1,1
"TX",1,1
"TYPICALLY",1,1
"UNCOVER",1,1
"UNDERGRADUATE",1,1
"UNDERTAKE",1,1
"UNIFORMITY",1,1
"UNIT",1,1
"UNITING",1,1
"UNMET",1,1
"UNNECESSARY",1,1
"UNRIVALED",1,1
"UPLEVEL",1,1
"USA",1,1
"USECASES",1,1
"USEDISUSE",1,1
"UTILIZES",1,1
"UTMOST",1,1
"VACATION",1,1
"VACCINE",1,1
"VALIDATING",1,1
"VALUESALIGNED",1,1
"VARIABLES",1,1
"VELOCITY",1,1
"VENDOR",1,1
"VERIFICATION",1,1
"VERIFYING",1,1
"VERY",1,1
"VESTING",1,1
"VIGILANT",1,1
"VIRTUAL",1,1
"VISIBILITY",1,1
"VISITING",1,1
"VISUALLY",1,1
"VOLUME",1,1
"VOLUMES",1,1
"WA",1,1
"WALKS",1,1
"WALT",1,1
"WARFIGHTER",1,1
"WATCH",1,1
"WEALTH",1,1
"WEARABLE",1,1
"WEEK",1,1
"WELCOME",1,1
"WELLESTABLISHED",1,1
"WELLFUNDED",1,1
"WHOLESALE",1,1
"WIN",1,1
"WISHS",1,1
"WOMEN",1,1
"WORKERS",1,1
"WORKFROMHOME",1,1
"WORKS",1,1
"WORTH",1,1
"WWWCAREERSJNJCOM",1,1
"XGBOOST",1,1
"YELPS",1,1
"YR",1,1
"ZIP",1,1
